EmployeeID,FirstName,LastName,JoinDate,Salary
101,Employee_1,Lastname_1,2022-05-10,94425
102,Employee_2,Lastname_2,2022-12-31,88756
103,Employee_3,Lastname_3,2022-11-10,68888
104,Employee_4,Lastname_4,2020-05-01,85735
105,Employee_5,Lastname_5,2021-04-11,97295
106,Employee_6,Lastname_6,2020-11-26,98816
107,Employee_7,Lastname_7,2020-03-28,67506
108,Employee_8,Lastname_8,2022-05-21,70463
109,Employee_9,Lastname_9,2020-05-10,67955
110,Employee_10,Lastname_10,2022-02-08,87841
111,Employee_11,Lastname_11,2020-12-09,55104
112,Employee_12,Lastname_12,2022-03-16,84911
113,Employee_13,Lastname_13,2021-01-20,73190
114,Employee_14,Lastname_14,2022-08-13,57357
115,Employee_15,Lastname_15,2020-10-03,82479
116,Employee_16,Lastname_16,2021-04-04,94811
117,Employee_17,Lastname_17,2020-01-22,86208
118,Employee_18,Lastname_18,2020-09-09,70150
119,Employee_19,Lastname_19,2022-01-17,55644
120,Employee_20,Lastname_20,2022-05-06,93286
121,Employee_21,Lastname_21,2021-04-19,97320
122,Employee_22,Lastname_22,2022-12-18,52914
123,Employee_23,Lastname_23,2021-05-25,71352
124,Employee_24,Lastname_24,2021-11-30,96352
125,Employee_25,Lastname_25,2022-09-02,94912
126,Employee_26,Lastname_26,2020-07-08,64397
127,Employee_27,Lastname_27,2022-08-15,91555
128,Employee_28,Lastname_28,2021-11-17,96959
129,Employee_29,Lastname_29,2022-08-15,50728
130,Employee_30,Lastname_30,2021-07-16,50698
131,Employee_31,Lastname_31,2022-04-11,89954
132,Employee_32,Lastname_32,2021-10-08,97280
133,Employee_33,Lastname_33,2020-01-21,63923
134,Employee_34,Lastname_34,2022-04-20,66779
135,Employee_35,Lastname_35,2020-06-15,57400
136,Employee_36,Lastname_36,2021-01-22,74466
137,Employee_37,Lastname_37,2021-08-23,86939
138,Employee_38,Lastname_38,2020-11-11,54360
139,Employee_39,Lastname_39,2020-01-14,85270
140,Employee_40,Lastname_40,2020-08-29,67101
141,Employee_41,Lastname_41,2022-02-15,82307
142,Employee_42,Lastname_42,2021-07-18,55486
143,Employee_43,Lastname_43,2022-06-16,58335
144,Employee_44,Lastname_44,2020-04-01,71364
145,Employee_45,Lastname_45,2022-08-13,87259
146,Employee_46,Lastname_46,2021-05-23,73576
147,Employee_47,Lastname_47,2022-02-14,81667
148,Employee_48,Lastname_48,2020-02-04,61130
149,Employee_49,Lastname_49,2020-07-24,71972
150,Employee_50,Lastname_50,2022-10-22,90419
151,Employee_51,Lastname_51,2022-10-18,51167
152,Employee_52,Lastname_52,2021-07-19,77192
153,Employee_53,Lastname_53,2021-12-03,51062
154,Employee_54,Lastname_54,2021-02-05,68540
155,Employee_55,Lastname_55,2021-12-30,74244
156,Employee_56,Lastname_56,2020-06-10,71545
157,Employee_57,Lastname_57,2020-07-20,71689
158,Employee_58,Lastname_58,2022-09-22,61174
159,Employee_59,Lastname_59,2020-09-26,72925
160,Employee_60,Lastname_60,2022-03-26,87497
161,Employee_61,Lastname_61,2021-03-31,59348
162,Employee_62,Lastname_62,2022-10-13,73714
163,Employee_63,Lastname_63,2020-10-22,88102
164,Employee_64,Lastname_64,2021-12-20,58924
165,Employee_65,Lastname_65,2020-12-03,87098
166,Employee_66,Lastname_66,2022-05-28,74394
167,Employee_67,Lastname_67,2022-12-12,56801
168,Employee_68,Lastname_68,2022-03-02,87614
169,Employee_69,Lastname_69,2020-08-04,56731
170,Employee_70,Lastname_70,2022-02-02,98136
171,Employee_71,Lastname_71,2020-07-06,73625
172,Employee_72,Lastname_72,2021-01-14,67337
173,Employee_73,Lastname_73,2021-05-07,85307
174,Employee_74,Lastname_74,2022-11-30,57056
175,Employee_75,Lastname_75,2020-01-15,61516
176,Employee_76,Lastname_76,2020-03-05,94261
177,Employee_77,Lastname_77,2021-06-04,51542
178,Employee_78,Lastname_78,2021-10-09,71677
179,Employee_79,Lastname_79,2022-12-22,96732
180,Employee_80,Lastname_80,2021-08-15,89081
181,Employee_81,Lastname_81,2021-01-26,77569
182,Employee_82,Lastname_82,2021-02-22,73322
183,Employee_83,Lastname_83,2020-10-15,69065
184,Employee_84,Lastname_84,2021-01-13,67924
185,Employee_85,Lastname_85,2020-08-18,72556
186,Employee_86,Lastname_86,2022-10-14,76962
187,Employee_87,Lastname_87,2020-02-10,78295
188,Employee_88,Lastname_88,2022-11-17,63807
189,Employee_89,Lastname_89,2020-05-14,92348
190,Employee_90,Lastname_90,2020-07-19,76432
191,Employee_91,Lastname_91,2022-02-18,67749
192,Employee_92,Lastname_92,2022-07-18,91459
193,Employee_93,Lastname_93,2022-11-22,76256
194,Employee_94,Lastname_94,2022-12-07,90262
195,Employee_95,Lastname_95,2021-05-17,87080
196,Employee_96,Lastname_96,2021-02-10,51324
197,Employee_97,Lastname_97,2022-03-15,75731
198,Employee_98,Lastname_98,2020-04-08,85909
199,Employee_99,Lastname_99,2021-11-14,73803
200,Employee_100,Lastname_100,2021-12-26,69870
201,Employee_101,Lastname_101,2022-08-18,84578
202,Employee_102,Lastname_102,2021-09-04,56588
203,Employee_103,Lastname_103,2021-10-04,88069
204,Employee_104,Lastname_104,2022-10-25,76790
205,Employee_105,Lastname_105,2021-05-17,75289
206,Employee_106,Lastname_106,2022-02-05,78178
207,Employee_107,Lastname_107,2021-02-01,78710
208,Employee_108,Lastname_108,2022-05-20,65485
209,Employee_109,Lastname_109,2022-03-05,94482
210,Employee_110,Lastname_110,2021-01-27,70652
211,Employee_111,Lastname_111,2020-07-25,54748
212,Employee_112,Lastname_112,2022-11-04,71233
213,Employee_113,Lastname_113,2022-06-10,59435
214,Employee_114,Lastname_114,2022-05-13,53709
215,Employee_115,Lastname_115,2022-01-12,80355
216,Employee_116,Lastname_116,2021-07-17,63116
217,Employee_117,Lastname_117,2022-10-17,75470
218,Employee_118,Lastname_118,2020-04-05,92344
219,Employee_119,Lastname_119,2021-04-29,92918
220,Employee_120,Lastname_120,2020-08-18,89298
221,Employee_121,Lastname_121,2022-01-18,92956
222,Employee_122,Lastname_122,2021-06-24,64683
223,Employee_123,Lastname_123,2022-11-25,50504
224,Employee_124,Lastname_124,2021-06-08,83982
225,Employee_125,Lastname_125,2021-07-31,84299
226,Employee_126,Lastname_126,2021-11-12,78016
227,Employee_127,Lastname_127,2021-07-10,73960
228,Employee_128,Lastname_128,2022-10-09,83591
229,Employee_129,Lastname_129,2021-10-07,67312
230,Employee_130,Lastname_130,2022-03-06,87797
231,Employee_131,Lastname_131,2022-11-17,96196
232,Employee_132,Lastname_132,2020-07-08,99285
233,Employee_133,Lastname_133,2021-09-24,52105
234,Employee_134,Lastname_134,2021-09-19,86395
235,Employee_135,Lastname_135,2022-08-30,95740
236,Employee_136,Lastname_136,2021-12-10,72700
237,Employee_137,Lastname_137,2021-10-10,84620
238,Employee_138,Lastname_138,2020-11-13,87678
239,Employee_139,Lastname_139,2021-11-14,70559
240,Employee_140,Lastname_140,2021-10-25,77509
241,Employee_141,Lastname_141,2021-03-17,77860
242,Employee_142,Lastname_142,2021-07-17,61003
243,Employee_143,Lastname_143,2022-08-09,71732
244,Employee_144,Lastname_144,2021-11-29,75826
245,Employee_145,Lastname_145,2020-04-22,80354
246,Employee_146,Lastname_146,2020-01-02,63843
247,Employee_147,Lastname_147,2021-10-03,94472
248,Employee_148,Lastname_148,2020-08-07,98529
249,Employee_149,Lastname_149,2022-05-04,56190
250,Employee_150,Lastname_150,2021-01-19,67640
251,Employee_151,Lastname_151,2022-12-12,88413
252,Employee_152,Lastname_152,2021-12-30,92356
253,Employee_153,Lastname_153,2020-09-03,94597
254,Employee_154,Lastname_154,2022-04-15,90821
255,Employee_155,Lastname_155,2020-07-21,53330
256,Employee_156,Lastname_156,2020-05-02,69087
257,Employee_157,Lastname_157,2021-02-04,91430
258,Employee_158,Lastname_158,2022-02-05,74504
259,Employee_159,Lastname_159,2020-10-20,57114
260,Employee_160,Lastname_160,2020-10-06,63323
261,Employee_161,Lastname_161,2022-06-02,84121
262,Employee_162,Lastname_162,2020-07-16,60975
263,Employee_163,Lastname_163,2022-09-08,61023
264,Employee_164,Lastname_164,2022-01-21,71447
265,Employee_165,Lastname_165,2020-05-23,74933
266,Employee_166,Lastname_166,2021-08-31,73959
267,Employee_167,Lastname_167,2020-07-05,50667
268,Employee_168,Lastname_168,2021-04-08,79703
269,Employee_169,Lastname_169,2021-10-21,59337
270,Employee_170,Lastname_170,2022-02-02,96427
271,Employee_171,Lastname_171,2022-08-12,86487
272,Employee_172,Lastname_172,2021-02-06,69129
273,Employee_173,Lastname_173,2020-05-26,90251
274,Employee_174,Lastname_174,2022-05-13,81921
275,Employee_175,Lastname_175,2021-05-03,83307
276,Employee_176,Lastname_176,2022-07-17,77355
277,Employee_177,Lastname_177,2021-07-04,87732
278,Employee_178,Lastname_178,2020-12-03,54835
279,Employee_179,Lastname_179,2022-05-21,70159
280,Employee_180,Lastname_180,2021-10-02,88810
281,Employee_181,Lastname_181,2021-04-17,97605
282,Employee_182,Lastname_182,2020-05-30,90080
283,Employee_183,Lastname_183,2020-09-19,88088
284,Employee_184,Lastname_184,2020-05-23,63216
285,Employee_185,Lastname_185,2020-12-11,85547
286,Employee_186,Lastname_186,2021-09-15,81471
287,Employee_187,Lastname_187,2022-10-13,67308
288,Employee_188,Lastname_188,2022-05-30,77532
289,Employee_189,Lastname_189,2020-01-02,84349
290,Employee_190,Lastname_190,2022-06-15,95445
291,Employee_191,Lastname_191,2020-09-10,55713
292,Employee_192,Lastname_192,2021-03-28,99407
293,Employee_193,Lastname_193,2022-11-26,54804
294,Employee_194,Lastname_194,2022-10-11,60136
295,Employee_195,Lastname_195,2020-01-09,50009
296,Employee_196,Lastname_196,2022-03-26,69255
297,Employee_197,Lastname_197,2020-07-26,73793
298,Employee_198,Lastname_198,2021-02-07,79548
299,Employee_199,Lastname_199,2020-05-31,87892
300,Employee_200,Lastname_200,2020-02-23,51015
301,Employee_201,Lastname_201,2021-09-19,77712
302,Employee_202,Lastname_202,2021-08-09,84961
303,Employee_203,Lastname_203,2020-04-13,58415
304,Employee_204,Lastname_204,2020-09-10,96318
305,Employee_205,Lastname_205,2021-05-24,97280
306,Employee_206,Lastname_206,2020-04-08,73833
307,Employee_207,Lastname_207,2020-06-01,54158
308,Employee_208,Lastname_208,2022-07-02,70309
309,Employee_209,Lastname_209,2022-05-27,56970
310,Employee_210,Lastname_210,2020-12-03,56938
311,Employee_211,Lastname_211,2022-04-01,71168
312,Employee_212,Lastname_212,2022-08-14,96540
313,Employee_213,Lastname_213,2020-06-09,70384
314,Employee_214,Lastname_214,2022-03-11,68017
315,Employee_215,Lastname_215,2021-02-01,60344
316,Employee_216,Lastname_216,2022-03-26,90034
317,Employee_217,Lastname_217,2021-02-04,58702
318,Employee_218,Lastname_218,2021-10-01,50384
319,Employee_219,Lastname_219,2022-11-22,50404
320,Employee_220,Lastname_220,2021-11-18,90943
321,Employee_221,Lastname_221,2021-04-04,97926
322,Employee_222,Lastname_222,2022-08-12,79189
323,Employee_223,Lastname_223,2021-04-14,62763
324,Employee_224,Lastname_224,2022-11-11,68384
325,Employee_225,Lastname_225,2022-01-19,82606
326,Employee_226,Lastname_226,2020-02-07,59860
327,Employee_227,Lastname_227,2020-08-17,88757
328,Employee_228,Lastname_228,2021-07-16,65106
329,Employee_229,Lastname_229,2021-03-13,73574
330,Employee_230,Lastname_230,2020-01-27,73524
331,Employee_231,Lastname_231,2020-08-13,53636
332,Employee_232,Lastname_232,2022-03-08,60916
333,Employee_233,Lastname_233,2020-10-10,54809
334,Employee_234,Lastname_234,2022-05-28,82201
335,Employee_235,Lastname_235,2022-08-17,63456
336,Employee_236,Lastname_236,2021-03-28,98212
337,Employee_237,Lastname_237,2022-10-16,88765
338,Employee_238,Lastname_238,2022-03-26,84816
339,Employee_239,Lastname_239,2021-10-20,95106
340,Employee_240,Lastname_240,2021-06-30,67100
341,Employee_241,Lastname_241,2022-12-08,71949
342,Employee_242,Lastname_242,2020-01-17,54544
343,Employee_243,Lastname_243,2020-06-06,87744
344,Employee_244,Lastname_244,2021-04-21,95543
345,Employee_245,Lastname_245,2022-12-05,92783
346,Employee_246,Lastname_246,2021-06-01,76657
347,Employee_247,Lastname_247,2020-04-08,86187
348,Employee_248,Lastname_248,2022-11-26,97198
349,Employee_249,Lastname_249,2020-10-06,57239
350,Employee_250,Lastname_250,2021-05-11,64489
351,Employee_251,Lastname_251,2020-10-28,99401
352,Employee_252,Lastname_252,2020-06-29,93125
353,Employee_253,Lastname_253,2021-08-29,99922
354,Employee_254,Lastname_254,2021-11-30,78538
355,Employee_255,Lastname_255,2022-09-19,82049
356,Employee_256,Lastname_256,2020-07-09,87131
357,Employee_257,Lastname_257,2020-09-09,92944
358,Employee_258,Lastname_258,2022-09-07,58427
359,Employee_259,Lastname_259,2022-07-16,91348
360,Employee_260,Lastname_260,2020-05-07,74285
361,Employee_261,Lastname_261,2020-01-18,87626
362,Employee_262,Lastname_262,2021-07-19,92808
363,Employee_263,Lastname_263,2021-07-23,72928
364,Employee_264,Lastname_264,2021-11-16,69198
365,Employee_265,Lastname_265,2021-09-17,69758
366,Employee_266,Lastname_266,2022-05-03,65254
367,Employee_267,Lastname_267,2022-08-19,94238
368,Employee_268,Lastname_268,2020-06-03,51252
369,Employee_269,Lastname_269,2021-05-04,89764
370,Employee_270,Lastname_270,2022-02-23,62173
371,Employee_271,Lastname_271,2020-09-02,87441
372,Employee_272,Lastname_272,2022-11-28,76698
373,Employee_273,Lastname_273,2022-01-28,65781
374,Employee_274,Lastname_274,2021-06-21,63051
375,Employee_275,Lastname_275,2022-07-09,89649
376,Employee_276,Lastname_276,2021-02-11,56949
377,Employee_277,Lastname_277,2021-06-08,92289
378,Employee_278,Lastname_278,2022-04-07,58017
379,Employee_279,Lastname_279,2022-06-21,56941
380,Employee_280,Lastname_280,2020-02-05,75934
381,Employee_281,Lastname_281,2021-11-15,73386
382,Employee_282,Lastname_282,2020-01-20,60209
383,Employee_283,Lastname_283,2020-11-16,67715
384,Employee_284,Lastname_284,2021-05-26,78920
385,Employee_285,Lastname_285,2021-02-03,81703
386,Employee_286,Lastname_286,2021-10-15,92318
387,Employee_287,Lastname_287,2022-08-29,54637
388,Employee_288,Lastname_288,2021-04-15,54854
389,Employee_289,Lastname_289,2022-04-13,93088
390,Employee_290,Lastname_290,2021-12-27,87660
391,Employee_291,Lastname_291,2022-05-03,89811
392,Employee_292,Lastname_292,2020-02-20,99289
393,Employee_293,Lastname_293,2021-07-28,69856
394,Employee_294,Lastname_294,2020-05-29,71833
395,Employee_295,Lastname_295,2020-11-09,69963
396,Employee_296,Lastname_296,2021-07-23,86932
397,Employee_297,Lastname_297,2020-10-31,77169
398,Employee_298,Lastname_298,2021-11-12,57941
399,Employee_299,Lastname_299,2022-04-17,64388
400,Employee_300,Lastname_300,2022-12-13,55569
401,Employee_301,Lastname_301,2022-09-29,54300
402,Employee_302,Lastname_302,2021-03-19,89037
403,Employee_303,Lastname_303,2021-09-04,86586
404,Employee_304,Lastname_304,2022-09-19,62015
405,Employee_305,Lastname_305,2020-09-20,95002
406,Employee_306,Lastname_306,2022-12-12,56254
407,Employee_307,Lastname_307,2022-09-30,67144
408,Employee_308,Lastname_308,2020-01-05,74214
409,Employee_309,Lastname_309,2022-02-12,90118
410,Employee_310,Lastname_310,2022-05-26,65183
411,Employee_311,Lastname_311,2022-09-18,56238
412,Employee_312,Lastname_312,2022-06-02,56090
413,Employee_313,Lastname_313,2020-02-16,61637
414,Employee_314,Lastname_314,2022-05-16,72415
415,Employee_315,Lastname_315,2022-04-02,74071
416,Employee_316,Lastname_316,2022-07-24,95415
417,Employee_317,Lastname_317,2021-10-17,92679
418,Employee_318,Lastname_318,2020-09-25,91240
419,Employee_319,Lastname_319,2021-01-04,68271
420,Employee_320,Lastname_320,2021-09-27,86034
421,Employee_321,Lastname_321,2021-10-18,83434
422,Employee_322,Lastname_322,2020-04-29,54188
423,Employee_323,Lastname_323,2022-04-10,99823
424,Employee_324,Lastname_324,2022-12-17,60161
425,Employee_325,Lastname_325,2022-01-10,78732
426,Employee_326,Lastname_326,2020-04-26,61314
427,Employee_327,Lastname_327,2022-03-01,73954
428,Employee_328,Lastname_328,2022-10-09,71508
429,Employee_329,Lastname_329,2022-12-17,71969
430,Employee_330,Lastname_330,2021-09-25,95659
431,Employee_331,Lastname_331,2021-05-27,87545
432,Employee_332,Lastname_332,2022-03-12,86668
433,Employee_333,Lastname_333,2021-07-13,73061
434,Employee_334,Lastname_334,2021-05-02,63716
435,Employee_335,Lastname_335,2022-06-15,89749
436,Employee_336,Lastname_336,2021-12-04,89144
437,Employee_337,Lastname_337,2021-08-03,66907
438,Employee_338,Lastname_338,2022-02-28,68777
439,Employee_339,Lastname_339,2022-05-10,77693
440,Employee_340,Lastname_340,2020-09-03,92928
441,Employee_341,Lastname_341,2020-06-02,76329
442,Employee_342,Lastname_342,2022-09-23,96892
443,Employee_343,Lastname_343,2021-11-27,66282
444,Employee_344,Lastname_344,2022-12-28,73624
445,Employee_345,Lastname_345,2022-12-06,73321
446,Employee_346,Lastname_346,2022-10-05,60488
447,Employee_347,Lastname_347,2020-04-03,72574
448,Employee_348,Lastname_348,2022-08-15,55240
449,Employee_349,Lastname_349,2022-10-08,93221
450,Employee_350,Lastname_350,2021-03-28,60478
451,Employee_351,Lastname_351,2022-06-30,95162
452,Employee_352,Lastname_352,2020-08-05,69262
453,Employee_353,Lastname_353,2021-04-18,54432
454,Employee_354,Lastname_354,2021-03-07,79721
455,Employee_355,Lastname_355,2020-12-06,63568
456,Employee_356,Lastname_356,2021-07-04,64178
457,Employee_357,Lastname_357,2020-12-22,72195
458,Employee_358,Lastname_358,2020-01-23,50302
459,Employee_359,Lastname_359,2021-06-05,67022
460,Employee_360,Lastname_360,2022-03-12,50055
461,Employee_361,Lastname_361,2022-01-31,95781
462,Employee_362,Lastname_362,2021-03-17,58717
463,Employee_363,Lastname_363,2022-02-07,78699
464,Employee_364,Lastname_364,2022-10-12,58150
465,Employee_365,Lastname_365,2021-05-30,52125
466,Employee_366,Lastname_366,2022-11-05,94247
467,Employee_367,Lastname_367,2022-03-02,98513
468,Employee_368,Lastname_368,2020-12-01,66748
469,Employee_369,Lastname_369,2020-09-14,89577
470,Employee_370,Lastname_370,2021-05-11,54621
471,Employee_371,Lastname_371,2022-06-14,65034
472,Employee_372,Lastname_372,2020-06-08,96391
473,Employee_373,Lastname_373,2022-05-01,55126
474,Employee_374,Lastname_374,2021-11-20,55122
475,Employee_375,Lastname_375,2021-01-14,68030
476,Employee_376,Lastname_376,2022-08-14,67302
477,Employee_377,Lastname_377,2021-11-21,69181
478,Employee_378,Lastname_378,2022-12-02,88638
479,Employee_379,Lastname_379,2020-10-11,51531
480,Employee_380,Lastname_380,2021-01-31,90940
481,Employee_381,Lastname_381,2020-01-12,90441
482,Employee_382,Lastname_382,2021-05-13,73333
483,Employee_383,Lastname_383,2022-01-23,89650
484,Employee_384,Lastname_384,2020-02-04,84674
485,Employee_385,Lastname_385,2021-12-27,85854
486,Employee_386,Lastname_386,2022-04-28,96271
487,Employee_387,Lastname_387,2020-03-30,58152
488,Employee_388,Lastname_388,2022-02-14,88518
489,Employee_389,Lastname_389,2021-08-27,95540
490,Employee_390,Lastname_390,2022-08-27,60267
491,Employee_391,Lastname_391,2022-10-18,75289
492,Employee_392,Lastname_392,2021-02-21,51062
493,Employee_393,Lastname_393,2020-04-24,79926
494,Employee_394,Lastname_394,2021-09-08,56229
495,Employee_395,Lastname_395,2022-04-05,99277
496,Employee_396,Lastname_396,2021-02-16,97915
497,Employee_397,Lastname_397,2021-12-29,54632
498,Employee_398,Lastname_398,2022-10-17,89056
499,Employee_399,Lastname_399,2022-01-30,53596
500,Employee_400,Lastname_400,2021-11-06,94243
